{
    "loss": 0.8293110132217407,
    "accuracy": 0.9137930870056152
}