{
    "loss": 0.4110051095485687,
    "accuracy": 0.9568965435028076
}